발명의명칭,출원인,출원일자,심사진행상태
DVD-RAM에서 고속의 데이타기록방법(DATA RECORDING METHOD IN DVD-RAM),삼성전자주식회사(경기도 수원시 영통구...),1997.01.29,등록결정(일반)
외부장치의 동작 마진을 향상시키고 DVD-RAM과DVD-R/RW에 겸용으로 사용되는 디지털 변조장치및 방법(Digital modulation apparatus and method used forDVD-RAM and DVD-R/RW and for increasing operatingmargin of external device),삼성전자주식회사(경기도 수원시 영통구...),2001.07.16,등록결정(일반)
램(RAM)이 적응적으로 사용되는 방전 디스플레이 패널의구동 장치(Apparatus for driving discharge display panel wherein RAM is adaptively used),삼성에스디아이 주식회사(경기도 용인시 기흥구...),2007.03.05,등록결정(일반)
아이·디(ID)데이타 검출시 에러감소를 위한 DVD-RAM디스크 재생장치(DVD-RAM DISK PLAYER FOR REDUCING ERROR IN ID DATA DETECTION),삼성전자주식회사(경기도 수원시 영통구...),1998.03.21,등록결정(일반)
DVD-RAM드라이브의기록제어방법(Recording and controlling method of a DVD-RAM drive),삼성전자주식회사(경기도 수원시 영통구...),1997.12.30,등록결정(일반)
DVD-RAM의 PID 검출방법 및 그 장치(METHOD AND APPARATUS FOR DETECTING A PID OF A DVD-RAM BY GENERATING POSITION INFORMATION FOR THE DATA),삼성전자주식회사(경기도 수원시 영통구...),1997.08.09,거절결정(일반)
실행 시간을 갖지 않는 RAM 셀 및 이를 이용한 인터페이스 집적회로(RAM CELL AND INTERFACE CIRCUIT USING THAT),삼성전자주식회사(경기도 수원시 영통구...),1997.03.25,등록결정(일반)
DVD-RAM시스템의 버퍼메모리구조(STRUCTURE OF BUFFER MEMORY IN DVD-RAM SYSTEM),삼성전자주식회사(경기도 수원시 영통구...),1997.02.25,등록결정(일반)
DVD-RAM에서의 데이타기록방법(DATA RECORDING METHOD IN DVD-RAM),삼성전자주식회사(경기도 수원시 영통구...),1997.02.13,등록결정(일반)
다이나믹RAM의리플레쉬회로(REFRESH CIRCUIT FOR DYNAMIC RAM),삼성전자주식회사(경기도 수원시 영통구...),1984.12.29,등록결정(일반)
MRAM과 그 제조 및 구동방법(Magnetic RAM and methods for manufacturing and drivingthe same),삼성전자주식회사(경기도 수원시 영통구...),2002.11.07,등록결정(일반)
단위 셀이 한 개의 트랜지스터와 두 개의 MTJ로 구성된MRAM 및 그 제조방법(Magnetic RAM comprising unit cell having onetransistor and two Magnetic Tunneling Junctions andmethod for manufacturing the same),삼성전자주식회사(경기도 수원시 영통구...),2003.01.18,등록결정(일반)
PRAM 소자 및 그 제조방법(Phase-change RAM and fabrication method of the same),삼성전자주식회사(경기도 수원시 영통구...),2005.02.25,등록결정(일반)
다이나믹램(DRAM)의페이지모드를이용한캐시(CACHE)메모리시스템(CACHE MEMORY SYSTEM BY USING PAGE MODE OF DYNAMIC RAM),삼성전자주식회사(경기도 수원시 영통구...),1987.12.31,등록결정(일반)
디브이디-램 디스크 드라이브에서의 자동 포즈 방법(Auto pause method for DVD-RAM disc drive),삼성전자주식회사(경기도 수원시 영통구...),2002.12.28,등록결정(일반)
선택적으로 메모리를 부팅시키도록 구성되는 램 컨트롤러 및 그 동작 방법(RAM CONTROLLER CONFIGURED TO SELECTIVELY BOOT MEMORY AND METHOD OF OPERATING THE SAME),삼성전자주식회사(경기도 수원시 영통구...),2017.12.18,등록결정(일반)
"자기 쉴딩층을 구비한 MRAM 소자와 반도체 패키지, 및 그들의 제조방법(MRAM(Magnetic Random Access Memory) device and MRAM package comprising magnetic shielding layer and methods for the MRAM device and the MRAM package)",삼성전자주식회사(경기도 수원시 영통구...),2015.08.13,등록결정(일반)
비휘발성 램과 휘발성 램을 버퍼 메모리로 사용하는 저장 장치(STORAGE DEVICE COMPRISING A BUFFER MEMORY BY USING A NONVOLATILE-RAM AND VOLATILE-RAM),삼성전자주식회사(경기도 수원시 영통구...),2011.03.23,등록결정(일반)
배리스터를 포함하는 저항성 메모리 소자 및 그 동작 방법(Resistive RAM comprising varistor and method ofoperating the same),삼성전자주식회사(경기도 수원시 영통구...),2006.01.19,등록결정(일반)
PRAM 블록들 내 카피백 및 쓰기의 통합을 위한 방법(METHOD FOR CONSOLIDATION OF COPY-BACK AND WRITE IN PRAM BLOCKS),삼성전자주식회사(경기도 수원시 영통구...),2019.06.19,
서브 셀 어레이를 구비하는 양방향성 RRAM 및 이를이용하는 데이터 기입 방법(Bi-directional Resistive Random Access Memory including sub cell array and writing method using thereof),삼성전자주식회사(경기도 수원시 영통구...),2007.01.04,등록결정(일반)
멀티 디코딩이 가능한 양방향성 RRAM 및 이를 이용하는데이터 기입 방법(Bi-directional Resistive Random Access Memory capable of multi-decoding and writing method using thereof),삼성전자주식회사(경기도 수원시 영통구...),2007.01.04,등록결정(일반)
"DRAM 장치에서 리프레쉬 동작시의 잡음 피크를감소시키기 위한 부분 리프레쉬 방법 및 부분 리프레쉬 회로(Partial refresh method and partial refresh circuit,for minimizing noise peak in refresh operation in DRAM)",삼성전자주식회사(경기도 수원시 영통구...),2001.11.06,등록결정(일반)
페로일렉트릭 플로팅 게이트 램을 구비하는 반도체 메모리 디바이스 및 그 제조방법(A SEMICONDUCTOR DEVICE HAVING FERROELECTRIC FLOATING GATE RAM AND FABRICATION METHOD OF THE SAME),삼성전자주식회사(경기도 수원시 영통구...),1997.01.10,등록결정(일반)
"리얼 억세스 타임 측정을 위한 의사 스태틱 램의 셀프리프레쉬 회로 및 이를 위한 셀프 리프레쉬 회로의 동작방법(PSEUDO STATIC RAM SELF REFRESH CIRCUIT FOR REAL ACCESSTIME MEASUREMENT, AND OPERATION METHOD FOR THE SAME)",삼성전자주식회사(경기도 수원시 영통구...),2004.11.03,등록결정(일반)
"복수의 상 변화 메모리들, 버퍼램, 및 낸드 플래시 메모리를 구비한 메모리 모듈(MEMORY MODULE HAVING A PLURALITY OF PHASE CHANGE MEMORY, BUFFER RAM AND NAND FLASH MEMORY)",삼성전자주식회사(경기도 수원시 영통구...),2009.02.26,취하(심사미청구)
강유전체 램 장치(FERROELECTRIC RAM DEVICE),삼성전자주식회사(경기도 수원시 영통구...),2000.10.30,등록결정(일반)
산화티탄마그네슘 박막을 이용한 FRAM 및 FFRAM 소자(FRAM AND FFRAM DEVICE HAVING THIN FILM OF MgTiO3),삼성전자주식회사(경기도 수원시 영통구...),1996.10.28,등록결정(일반)
강유전체 램 장치 및 그 제조방법(FERROELECTRIC RAM DEVICE AND MANUFACTURING METHOD THEREROF),삼성전자주식회사(경기도 수원시 영통구...),1997.10.07,등록결정(일반)
MRAM 장치 및 자기 저항 소자에 대한 자기장 인가 방법(USING DELAYED ELECTRICAL PULSES WITH MAGNETO-RESISTIVEDEVICES),삼성전자주식회사(경기도 수원시 영통구...),2003.06.19,등록결정(일반)
램 영역과 롬 영역을 동시에 가지는 반도체 메모리 장치(Semiconductor memory device having both RAM portion andROM portion),삼성전자주식회사(경기도 수원시 영통구...),2006.01.09,거절결정(일반)
"이피롬(EPROM, EraableProgrammable Read OnlyMemory} 소자의 셀 구조 및 그 제조방법(Cell structure of EPROM device and fabrication thereof)",삼성전자주식회사(경기도 수원시 영통구...),2003.01.11,등록결정(일반)
동기식랜덤엑세스메모리제어장치및방법(METHOD AND APPRATUS FOR CONTROLLING SYNCHRONOUS RAM),삼성전자주식회사(경기도 수원시 영통구...),1997.09.29,등록결정(일반)
ECG(electrocardiogram) 센서 및 이의 동작 방법(AN ELECTROCARDIOGRAM (ECG) SENSOR AND A METHOD OF OPERATING THE SAME),삼성전자주식회사(경기도 수원시 영통구...),2014.02.18,등록결정(일반)
"플래쉬롬과램을이용한펌웨어구현방법(METHOD FOR REALIZING FIRMWARE BY USING A FLASH ROM AND AN RAM, CAPABLE OF CORRECTING A FIRMWARE BUG AND PROPERLY COPING WITH A CHANGING REQUEST RELATED TO PROCESS TEST, RELIABILITY, AND COMPATIBILITY OF AN HDD)",삼성전자주식회사(경기도 수원시 영통구...),1998.02.20,등록결정(일반)
멀티 비트 셀 어레이 구조를 가지는 마그네틱 램(Magnetoresistive RAM having multi-bit cell arrayconfiguration),삼성전자주식회사(경기도 수원시 영통구...),2004.10.28,등록결정(일반)
"이피롬(EPROM, EraableProgrammable Read OnlyMemory)소자의 셀 구조 및 그 제조방법(Cell structure of EPROM device and fabrication thereof)",삼성전자주식회사(경기도 수원시 영통구...),2003.01.11,등록결정(일반)
PRAM을 이용하는 데이터 기록 시스템 및 그 방법(SYSTEM AND METHOD FOR WRITING DATA USING PRAM),삼성전자주식회사(경기도 수원시 영통구...),2010.09.16,취하(심사미청구)
랜덤 액세스 메모리(RAM) 어레이 설계 방법 및 저항성랜덤 액세스 메모리(RAM) 어레이(METHODS AND STRUCTURE FOR MAXIMIZING SIGNAL TO NOISERATIO IN RESISTIVE ARRAY),삼성전자주식회사(경기도 수원시 영통구...),2002.08.31,거절결정(일반)
선입선출메모리를이용한램테이타전송장치및그방법(RAM DATA TRANFERRING APPARATUS USING FIFO MEMORY AND ITS METHOD),삼성전자주식회사(경기도 수원시 영통구...),1995.11.03,등록결정(일반)
디브이디-램의 재생이 가능한 디브이디-롬 광학계(OPTICAL SYSTEM OF DVD-ROM CAPABLE OF PLAY DVD-RAM),삼성전자주식회사(경기도 수원시 영통구...),1999.04.20,거절결정(일반)
램 및 롬 기능을 갖는 단일 트랜지스터를 포함하는 메모리소자와 그 동작 및 제조방법(Memory device comprising single transistor havingfunctions of RAM and ROM and methods for operating andmanufacturing the same),삼성전자주식회사(경기도 수원시 영통구...),2001.01.11,등록결정(심사전치후)
동기형 램 장치와 시스템 버스를 공유하는 동기형 플래시 메모리 장치의 소거 및 쓰기 방법(ERASURE AND PROGRAMMING METHODS FOR USE IN SYNCHRONOUS FLASH MEMORY DEVICE SHARING SYSTEM BUS WITH SYNCHRONOUS RAM DEVICE),삼성전자주식회사(경기도 수원시 영통구...),1998.08.13,등록결정(일반)
기입 전류와 같은 방향의 금지 전류를 흐르게 하는마그네틱 램(Magnetoresistive RAM flowing inhibition current in thesame direction as write current),삼성전자주식회사(경기도 수원시 영통구...),2006.09.26,등록결정(일반)
개선된 데이터 기입 제어 회로를 가지는 4비트 프리페치방식 FCRAM 및 이에 대한 데이터 마스킹 방법(4Bit prefetch type FCRAM having the improved controlcircuit for writing data in memory cell array and datamasking method thereof),삼성전자주식회사(경기도 수원시 영통구...),2002.11.30,등록결정(일반)
디지털 비디오 디스크-램 시스템에서 디펙트 섹터 데이터의처리방법(Method for processing defect sector data in a digital video disc RAM system),삼성전자주식회사(경기도 수원시 영통구...),1997.12.31,등록결정(일반)
JTAG를 사용한 SDRAM 다이나믹 셀프 리프레쉬 입구 및 출구용 구조 및 방법(STRUCTURE AND METHOD FOR SDRAM DYNAMIC SELF REFRESH ENTRY AND EXIT USING JTAG),삼성전자주식회사(경기도 수원시 영통구...),1997.06.05,등록결정(일반)
컨볼루션 SRAM 및 대각방향 축적 SRAM을 포함하는 신경망 가속기(Neural network device including convolution SRAM and diagonal accumulation SRAM),삼성전자주식회사(경기도 수원시 영통구...)|한국과학기술원(대전광역시 유성구...),2020.12.31,
단위 SRAM들 단위로 초기화할 수 있는 반도체 장치(Semiconductor device for initialization by the unitSRAMs),삼성전자주식회사(경기도 수원시 영통구...),2004.07.22,등록결정(일반)
램 고정용 지그(Supporting jig for ram device),삼성중공업 주식회사(경기도 성남시 분당구...),2011.05.31,등록결정(일반)
저항 메모리 소자 및 그 제조 방법(Resist RAM and method of manufacturing the same),삼성전자주식회사(경기도 수원시 영통구...),2008.12.30,등록결정(일반)
대역 내 DRAM ECC(IN-BAND DRAM ECC),삼성전자주식회사(경기도 수원시 영통구...),2019.02.07,
저항성 메모리 소자 및 그 제조 방법(Resist RAM device and method of manufacturing the same),삼성전자주식회사(경기도 수원시 영통구...),2011.12.06,등록결정(일반)
핀 비용의 증가없는 고용량 SDRAM-향 메모리의 어드레싱 방법(METHODS FOR ADDRESSING HIGH CAPACITY SDRAM-LIKE MEMORY WITHOUT INCREASING PIN COST),삼성전자주식회사(경기도 수원시 영통구...),2017.01.11,
"비휘발성 램, 이를 포함하는 솔리드 스테이트 드라이브, 및 이를 포함하는 컴퓨터 시스템(NON-VOLATILE RAM, SOLID STATE DIRVE INCLUDING THE SAME, AND COMPUTER SYSTEM INCLUDING THE SAME)",삼성전자주식회사(경기도 수원시 영통구...),2009.04.09,등록결정(일반)
네트워크 시스템에서 듀얼 포트 램을 이용한 간접 억세스장치 및 방법(APPARATUS AND METHOD FOR INDIRECT ACCESS USING DUALPORT RAM IN NETWORK SYSTEM),삼성전자주식회사(경기도 수원시 영통구...),2003.12.19,취하(심사미청구)
플러렌층을 구비한 상변화 메모리 소자의 제조 방법(Manufacturing method phase-change RAM comprisingfullerene layer),삼성전자주식회사(경기도 수원시 영통구...),2006.01.03,등록결정(일반)
시스템 런타임 환경에서 DRAM 셀 상의 라이트 보호 커맨드를 발행하는 방법(METHOD TO ISSUE WRITE PROTECT COMMANDS ON DYNAMIC RANDOM-ACCESS MEMORY(DRAM) CELLS IN A SYSTEM RUN-TIME ENVIRONMENT),삼성전자주식회사(경기도 수원시 영통구...),2018.11.13,
DDR 버스를 통해 DRAM 내의 ECC 정보를 전달하는 방법(A METHOD TO DELIVER IN-DRAM ECC INFORMATION THROUGH DDR BUS),삼성전자주식회사(경기도 수원시 영통구...),2017.05.10,등록결정(일반)
램(RAM)이 효율적으로 사용되는 방전 디스플레이 패널의구동 장치(Apparatus for driving discharge display panel whereinRAM is effeciently used),삼성에스디아이 주식회사(경기도 용인시 기흥구...),2006.07.18,취하(심사미청구)
램(RAM)이 효율적으로 사용되는 방전 디스플레이 패널의구동 장치(Apparatus for driving discharge display panel whereinRAM is effeciently used),삼성에스디아이 주식회사(경기도 용인시 기흥구...),2006.10.30,등록결정(일반)
램(RAM)이 효율적으로 사용되는 방전 디스플레이패널의 구동 장치(Apparatus for driving discharge display panel whereinRAM is effeciently used),삼성에스디아이 주식회사(경기도 용인시 기흥구...),2006.10.24,취하(심사미청구)
DRAM 기반 프로세싱 장치를 위한 확장 아키텍처(A SCALING OUT ARCHITECTURE FOR DRAM-BASED PROCESSING UNIT),삼성전자주식회사(경기도 수원시 영통구...),2017.10.17,등록결정(일반)
"MRAM 기반의 프레임 버퍼링 장치, 그 장치를 포함하는 디스플레이 구동 장치 및 디스플레이 장치(Frame buffering apparatus based on MRAM(Magnetic Random Access Memory), and display drive apparatus and display apparatus comprising the same)",삼성전자주식회사(경기도 수원시 영통구...),2014.12.08,등록결정(일반)
DDR4 SDRAM에서의 최대 액티베이션 카운트 제한 핸들링 및 타겟 로우 리프레쉬(HANDLING MAXIMUM ACTIVATION COUNT LIMIT AND TARGET ROW REFRESH IN DDR4 SDRAM),삼성전자주식회사(경기도 수원시 영통구...),2015.01.14,등록결정(일반)
램 라이트 및 딥 드래프트 라이트 표시 장치(APPARATUS FOR DISPLAYING RAM LIGHT AND DEEP DRAFT LIGHT),삼성중공업 주식회사(경기도 성남시 분당구...),2009.01.13,등록결정(일반)
에너지 효율적인 PRAM 어레이 기입 동작을 수행하는 메모리 장치 및 이를 포함하는 메모리 시스템(ENERGY EFFICIENT PHASE CHANGE RANDOM ACCESS MEMORY CELL ARRAY WRITE VIA CONTROLLER-SIDE AGGREGATION MANAGEMENT),삼성전자주식회사(경기도 수원시 영통구...),2019.12.10,
DDR SDRAM 인터페이스를 위한 DRAM 지원 에러 정정 메커니즘(A DRAM ASSIST ERROR CORRECTION MECHANISM FOR DDR SDRAM INTERFACE),삼성전자주식회사(경기도 수원시 영통구...),2017.04.17,등록결정(일반)
D-RAM의 억세스 방식을 채용한 S-RAM 및 FLASH-RAM의어드레스디코딩회로(),삼성전자주식회사(경기도 수원시 영통구...),1996.02.08,거절결정(일반)
캐패시터를 사용하여 데이터를 저장하는 듀얼-포트 SRAM(Dual-Port SRAM Storing Data Using Capacitor),삼성전자주식회사(경기도 수원시 영통구...),2012.06.22,취하(심사미청구)
DRAM 인터페이스와 공유 메모리 영역을 통한 비휘발성 메모리 장치와 자기 기록 매체에 접근할 수 있는 장치(Apparatus for accessing non-volatile memory device and magnetic storage medium through DRAM interface and shared memory region),삼성전자주식회사(경기도 수원시 영통구...),2009.10.16,취하(심사미청구)
버퍼램을 포함하는 불휘발성 메모리 장치 및 그것의 부트 코드 관리 방법(NONVOLATILE MEMORY DEVICE HAVING A BUFFER RAM AND BOOT CODE MANAGEMENT METHOD THEREOF),삼성전자주식회사(경기도 수원시 영통구...),2009.02.13,등록결정(일반)
부트 램을 반도체 메모리 장치 내에 구비한 멀티 프로세서시스템 및 그를 이용한 프로세서 부팅 방법(Multi processor system having multi-path accessible semiconductor memory device with boot RAM and therefore method),삼성전자주식회사(경기도 수원시 영통구...),2007.05.23,취하(심사미청구)
비휘발성 램을 위한 코드 생성 방법(Code generation method for nonvolatile RAM),삼성전자주식회사(경기도 수원시 영통구...),2007.04.26,취하(심사미청구)
비정질 고체 전해질층을 포함하는 저항성 메모리 소자 및그 동작 방법(Resistive RAM having amorphous solid electrolyte andmethod of operating the same),삼성전자주식회사(경기도 수원시 영통구...),2006.10.16,등록결정(일반)
복합단말기에서 DPRAM을 이용한 다중 데이터 전송 장치 및 방법(METHOD AND APPARATUS OF MULTIPLE DATA TRANSMISSION USING DPRAM IN MITS),삼성전자주식회사(경기도 수원시 영통구...),2006.03.02,등록결정(일반)
다이오드겸용 저항소자를 구비하는 상변화 램과 그 제조 및동작 방법(Phase change RAM comprising resistive element havingdiode function and methods of manufacturing andoperating the same),삼성전자주식회사(경기도 수원시 영통구...),2006.02.07,등록결정(일반)
상변화 메모리 소자 및 그 제조방법(Phase-Change RAM and method for manufacturing the same),삼성전자주식회사(경기도 수원시 영통구...),2006.01.27,등록결정(일반)
금속 산화물 저항 기억소자 및 그 제조방법(Metal Oxide Resistive RAM and Manufacturing MethodThereof),삼성전자주식회사(경기도 수원시 영통구...),2005.05.23,등록결정(일반)
버스트 동작이 가능한 에스램 메모리 장치(Static RAM memory device having burst operation),삼성전자주식회사(경기도 수원시 영통구...),2005.01.15,등록결정(일반)
DVD-RAM에서 디코드 에러 카운트에 의한 포커스에러 밸런스 조정 방법(Method for controlling focus error balance by countingdecode error in digital versatile disc random accessmemory),삼성전자주식회사(경기도 수원시 영통구...),2003.12.26,등록결정(일반)
다이내믹램리프레쉬회로(DYNAMIC RAM REFRESH CIRCUIT),삼성전자주식회사(경기도 수원시 영통구...),1990.10.25,등록결정(일반)
DVD-RAM에서 SBAD 신호를 이용한 서보 제어장치 및방법(Apparatus and method for controlling servo using subbeam add signal in digital versatile disc randomaccess memory),삼성전자주식회사(경기도 수원시 영통구...),2003.05.31,등록결정(일반)
휴대용 단말기를 위한 스태틱 램을 탑재한 다이나믹 램(STATIC RAM-EMBEDDED DYNAMIC RAM FOR MOBILE PHONE),삼성전자주식회사(경기도 수원시 영통구...),2003.02.18,취하(심사미청구)
TFT FRAM 및 그 제조방법(Thin film transistor ferroelectric random accessmemory and method for manufacturing the same),삼성전자주식회사(경기도 수원시 영통구...),2002.11.07,거절결정(일반)
6 트랜지스터 에스램 셀들을 구비하는 램 내장형 TFTLCD드라이버의 램 제어회로 및 램 제어방법(RAM control circuit and method of TFT LCD driverincluding 6 transistor SRAM cell),삼성전자주식회사(경기도 수원시 영통구...),2002.04.19,취하(심사미청구)
에스램의 단위셀 및 그 제조 방법(Unit Cell Of Static RAM And Method Of Fabricating TheSame),삼성전자주식회사(경기도 수원시 영통구...),2001.09.07,취하(심사미청구)
비터비 입력 버퍼 램을 구비한 디인터리버(DEINTERLEAVER INCLUDING VITERBI INPUT BUFFER RAM),삼성전자주식회사(경기도 수원시 영통구...),2000.11.13,취하(심사미청구)
유전체 조성물 및 이를 이용한 DRAM셀의 캐패시터제조방법(DIELECTRIC COMPOSITION AND METHOD FOR MANUFACTURINGCAPACITOR OF DRAM CELL BY USING IT),삼성전기주식회사(경기도 수원시 영통구...),2000.06.30,등록결정(일반)
D-RAM제어기의읽기/쓰기명령신호발생회로(),삼성전자주식회사(경기도 수원시 영통구...),1987.12.31,등록결정(일반)
D-RAM제어회로(),삼성전자주식회사(경기도 수원시 영통구...),1987.12.28,등록결정(일반)
D-RAM확장회로(),삼성전자주식회사(경기도 수원시 영통구...),1987.12.28,등록결정(일반)
비휘발성 메모리에 저장된 데이터의 안전 처리방법(Method for processing the data in the non volatilization RAM safely),삼성전자주식회사(경기도 수원시 영통구...),1999.08.23,등록결정(일반)
결함을 고려한 디지털비디오디스크-램의 초기화 방법(Method for initializing digital video disc-RAM consideringdefect),삼성전자주식회사(경기도 수원시 영통구...),1999.06.15,취하(심사미청구)
홀수트랙 점프의 트래킹 서보 제어가 가능한 디브이디-램디스크(A TRACKING SERVO CONTROL APPARATUS CAPABLE OF CONTROLLING ODD TRACK JUMP IN DVD-RAM DRIVE AND METHOD THEREFOR),삼성전자주식회사(경기도 수원시 영통구...),1999.01.30,취하(심사미청구)
램과 포트를 갖는 트랜스퍼 몰딩 장치(TRANSFER MOLDING APPARATUS HAVING RAM AND PORT),삼성전자주식회사(경기도 수원시 영통구...),1998.12.18,취하(심사미청구)
평가 칩의 램 확장 컨트롤 회로_(CIRCUIT FOR CONTROLLING RAM EXPANSION OF EVALUATION CHIP),삼성전자주식회사(경기도 수원시 영통구...),1998.10.21,취하(심사미청구)
내장 램의 테스트 시간이 단축된 마이크로 컨트롤러(MICRO CONTROLLER FOR REDUCING TEST TIME OF RAM),삼성전자주식회사(경기도 수원시 영통구...),1998.09.11,취하(심사미청구)
그래픽램및그래픽램을내장한액정표시장치드라이버(GRAPHIC RAM AND LIQUID CRYSTAL DISPLAY DRIVER EMBODYING THE SAME),삼성전자주식회사(경기도 수원시 영통구...),1998.07.09,등록결정(일반)
DVD램 드라이브에 있어서 트랙 이탈시의 에러 정정 방법 및그 장치(APPARATUS AND METHOD OF ERROR CORRECTION IN STRAYING TRACK OF DVD RAM DRIVE),삼성전자주식회사(경기도 수원시 영통구...),1998.06.17,등록결정(일반)
"디지털 비디오 디스크램의 채널데이터 추출장치(DEVICE FOR EXTRACTING CHANNEL DATA IN A DIGITAL VIDEO DISK RAM, PARTICULARLY WITH REGARDS TO EXTRACTING STABLE CHANNEL DATA BY EXACTLY DISTINGUISHING A PEAK HEADER SECTION FROM A BOTTOM HEADER SECTION IN THE SECOND READ CHANNEL SIGNAL)",삼성전자주식회사(경기도 수원시 영통구...),1998.05.30,등록결정(일반)
"팩시밀리의 활동관리 방법(METHOD FOR MANAGEMENT OF ACTIVITIES IN A FACSIMILE, ESPECIALLY FOR MANAGEMENT OF TRANSCEIVING DATA, USING A DYNAMIC RAM AND A FLASH MEMORY, BUT NOT USING A STATIC RAM AND A BACKUP BATTERY)",삼성전자주식회사(경기도 수원시 영통구...),1998.04.30,취하(심사미청구)
"내장형 램의 에러 체크 방법(ERROR CHECK METHOD OF BUILT-IN RAM, ESPECIALLY FOR INSPECTING AN ERROR GENERATION OF RAM DATA)",삼성전자주식회사(경기도 수원시 영통구...),1998.03.18,취하(심사미청구)
HRAM을이용한멀티레벨독출회로(),삼성전자주식회사(경기도 수원시 영통구...),1986.10.29,등록결정(일반)
강유전체램장치와그것의독출및기입방법들(FERROELECTRIC RAM AND READ AND WRITE METHOD THEREOF),삼성전자주식회사(경기도 수원시 영통구...),1998.03.03,등록결정(일반)
"디이브이디-램시스템에서디스크의물리적결함정보의처리방법(METHOD FOR PROCESSING PHYSICAL DEFECT INFORMATION ON A DISK IN A DVD-RAM SYSTEM, ESPECIALLY WITH REGARDS TO ENABLING A MICROCOMPUTER TO EFFECTIVELY STORE A DEFECT LIST IN A DEFECT LIST AREA OF A MEMORY WITHOUT BEING LIMITED BY AN EXECUTION OF OTHER COMMAND)",삼성전자주식회사(경기도 수원시 영통구...),1998.02.17,등록결정(일반)
"램의 일부를 롬으로 전환가능한 메모리 인터페이스(MEMORY INTERFACE CAPABLE OF CONVERTING A PART OF A RAM INTO A ROM, ESPECIALLY FOR FLEXIBLY PARTITIONING A MEMORY ACCORDING TO USER'S REQUIREMENT)",삼성전자주식회사(경기도 수원시 영통구...),1998.01.22,취하(심사미청구)
디브이디-램(DVD-RAM FOR RECORDING AN IMAGE DATA FOR 120 MINUTES AND HAVING A NEW FORMAT WHICH IS 4.7 GBYTE CAPACITY),삼성전자주식회사(경기도 수원시 영통구...),1997.12.31,취하(등록결정전 취하서제출)
마이컴을 이용한 디브이디-램 시스템에 대한 헤더의 피아이디검출 방법(Method for detecting the PID of a header on DVD RAM system using a microcomputer),삼성전자주식회사(경기도 수원시 영통구...),1997.12.30,등록결정(일반)
디지탈 다기능 디스크-램의 재생신호 보상장치(Compensator for the reproducing signal of a digital multifunctional disc RAM),삼성전자주식회사(경기도 수원시 영통구...),1997.12.30,등록결정(일반)
스태이틱 램을 이용한 시그널링시스템 넘버.7 신호처리장치(DEVICE FOR PROCESSING SIGNALING SYSTEM NO. 7 SIGNAL BY USING STATIC RAM),삼성전자주식회사(경기도 수원시 영통구...),1997.12.30,등록결정(일반)
디브이디-램의헤더검출방법(HEADER DETECTION METHOD FOR DVD-RAM),삼성전자주식회사(경기도 수원시 영통구...),1997.12.26,등록결정(일반)
자동 성형기의 플런저(PLUNGER FOR AN AUTO MOLDING MACHINE ESPECIALLY FOR PREVENTING A MOLD FROM BEING DAMAGED BY COMBINING ADAPTERS WITH A RAM-TIP),삼성전자주식회사(경기도 수원시 영통구...),1997.12.19,취하(심사미청구)
"램 사용 방법 및 장치(METHOD AND AN APPARATUS FOR APPLYING A RAM, ESPECIALLY FOR REDUCING THE DISSIPATION OF A 16-BIT RAM)",삼성전자주식회사(경기도 수원시 영통구...),1997.12.22,취하(심사미청구)
"개인 휴대용 단말기의 데이터 백업 장치(DATA BACKUP APPARATUS OF A PERSONAL PORTABLE TERMINAL, ESPECIALLY FOR SAFELY RESERVING DATA STORED IN A RAM ALTHOUGH POWER VOLTAGE IS LOWERED)",삼성전자주식회사(경기도 수원시 영통구...),1997.12.10,취하(등록결정전 취하서제출)
에프램(FRAM)소자의제조방법(METHOD FOR FABRICATING FRAM TO PREVENT HYDROGEN FROM PENETRATING PZT DIELECTRIC LAYER AND AVOID DETERIORATION OF HYSTERESIS CHARACTERISTIC OF PZT DIELECTRIC LAYER),삼성전자주식회사(경기도 수원시 영통구...),1997.12.11,등록결정(일반)
디지털 비디오 디스크-램 시스템에서 데이터의 기록 또는재생시 디펙트 섹터 검출장치 및 방법(Device and method for detecting defect sector in recording or reproducing data in a digital video disc-RAM system),삼성전자주식회사(경기도 수원시 영통구...),1997.12.08,등록결정(일반)
"데이터 저장 방법 및 그 장치(METHOD AND AN APPARATUS FOR STORING DATA, ESPECIALLY RELATED TO INCREASING CONVENIENCE BY TRANSMITTING COMMAND OR DATA TO A RAM AND TRANSFERRING THE COMMAND OR DATA TO A PRINTER DRIVER FOR PRINT OUT)",삼성전자주식회사(경기도 수원시 영통구...),1997.11.06,취하(심사미청구)
"입출력 모듈 전용 정적램 초기화 장치 및 방법(INPUT/OUTPUT MODULE DEDICATED STATIC RAM INITIALIZATION APPARATUS AND ITS METHOD, IN WHICH AN INITIALIZATION OPERATION IS PERFORMED BY ONLY WRITING DATA TO BE INITIALIZED IN ADDRESSES)",삼성전자주식회사(경기도 수원시 영통구...),1997.10.13,등록결정(일반)
"이중 포트 집적회로 소자의 번-인 검사방법(BURN-IN TESTING METHOD OF DUAL-PORTED INTEGRATED CIRCUIT(IC) DEVICE, ESPECIALLY FOR EFFECTIVELY DETECTING INITIAL FALSE DATA TRANSFER GATE OF DUAL-PORTED IC DEVICE SUCH AS VIDEO MEMORY OR WINDOW MEMORY HAVING RAM AREA, DATA TRANSFER GATE AREA AND SAM AREA)",삼성전자주식회사(경기도 수원시 영통구...),1997.09.18,거절결정(일반)
디지털 비디오 디스크 램의 데이터 슬라이스회로(DATA SLICE CIRCUIT OF A DIGITAL VIDEO DISK RAM FOR OBTAINING A STABLE SHAPING WAVEFORM BY SETTING ASYMMETRIC OFFSET INTO 0),삼성전자주식회사(경기도 수원시 영통구...),1997.08.20,취하(국내우선권주장)
디브이디-램 디스크의 고속 초기화 방법(METHOD FOR INITIALIZING A DVD-RAM DISK AT A HIGH SPEED BY DECODING 0 FOR INITIALIZATION),삼성전자주식회사(경기도 수원시 영통구...),1997.08.28,거절결정(일반)
"기입 동작시 펄스된 워드 라인 기능을 갖는 스태틱 램(STATIC RAM HAVING PULSED WORD LINE FUNCTION IN WRITING, ESPECIALLY INCLUDING A GENERATION UNIT GENERATING FIRST DETECTION SIGNAL FOR TRANSITION STATE OF ADDRESS SIGNAL AND INCLUDING A GENERATION UNIT FOR SECOND DETECTION SIGNAL FOR ACTIVE STATE TRANSITION)",삼성전자주식회사(경기도 수원시 영통구...),1997.08.26,등록결정(일반)
"램과 롬을 구비한 시스템 및 어드레스 맵핑방법(SYSTEM INCLUDING RAM AND ROM AND ADDRESS MAPPING METHOD THEREOF, ESPECIALLY INCLUDING DATA CONTROL UNIT OUTPUTTING DATA AND PROGRAM DATA)",삼성전자주식회사(경기도 수원시 영통구...),1997.08.20,등록결정(일반)
"아이아이씨 버스를 이용한 마이콤 펌웨어 로드를 위한 회로(CIRCUIT FOR LOADING MICROCONTROLLER FIRMWARE USING IIC BUS, ESPECIALLY USING AS MAIN PROCESSOR MICROCONTROLLER HAVING I2C BUS, EEPROM, RAM AND EEPROM WRITE FUNCTION)",삼성전자주식회사(경기도 수원시 영통구...),1997.07.31,취하(심사미청구)
영상및음향의무한반복재생용텔레비젼및그텔레비젼의주요장면에대한영상녹화및재생방법(TV FOR INFINITELY AND REPEATEDLY REPRODUCING A VIDEO AND AN AUDIO AND A METHOD FOR RECORDING AND REPRODUCING A VIDEO WITH RESPECT TO AN IMPORTANCE SCENE OF THE TV TO INSTANTANEOUSLY CAPTURE THE IMPORTANT SCENE OF A TV PROGRAM AND INSTANTLY RECORD THE CAPTURED IMPORTANT SCENE USING A RAM),삼성전자주식회사(경기도 수원시 영통구...),1997.07.15,등록결정(일반)
고집적 페로일렉트릭 플로팅게이트 램 및 그 제조방법(HIGHLY INTEGRATED FERROELECTRIC FLOATING GATE RAM CAPABLE OF BEING OPERATED WITH ONE TRANSISTOR AND MANUFACTURING METHOD THEREOF),삼성전자주식회사(경기도 수원시 영통구...),1997.07.10,등록결정(일반)
양방향 램을 이용한 안정된 패킷 전송 방법(A METHOD OF PACKET TRANSMISSION USING DUAL PORT RAM),삼성전자주식회사(경기도 수원시 영통구...),1997.06.30,등록결정(일반)
액정표시장치 컨트롤러 램(LIQUID DISPLAY DEVICE CONTROL RAM),삼성전자주식회사(경기도 수원시 영통구...),1997.04.30,등록결정(일반)
스태틱램의 센스앰프회로(SENSE AMPLIFIER CIRCUIT FOR STATIC RAM),삼성전자주식회사(경기도 수원시 영통구...),1997.03.25,등록결정(일반)
시간축보정회로에서의RAM제어펄스발생회로(),삼성전자주식회사(경기도 수원시 영통구...),1985.12.31,등록결정(일반)
영상처리 시스템의 비디오 램(VIDEO RAM FOR IMAGE PROCESSING SYSTEM),삼성전자주식회사(경기도 수원시 영통구...),1996.12.31,등록결정(일반)
다이나믹 램(Danamic RAM),삼성전자주식회사(경기도 수원시 영통구...),1996.11.12,등록결정(일반)
에프램(FRAM) 제조 방법(),삼성전자주식회사(경기도 수원시 영통구...),1996.10.11,취하(심사미청구)
DRAM의행열어드레스선택회로(),삼성전자주식회사(경기도 수원시 영통구...),1985.07.25,등록결정(일반)
전압승압회로를 이용한 스태틱 램의 데이터 출력 구동기(Data output driver for static RAM),삼성전자주식회사(경기도 수원시 영통구...),1996.09.21,등록결정(일반)
DRAM 장치의 비트라인 증폭 회로(),삼성전자주식회사(경기도 수원시 영통구...),1996.05.16,취하(심사미청구)
메모리를 이용한 마이크로 콘트롤러의 내부 램 데이터표시장치(MICROCONTROLER INTERNAL RAM DATA DISPLAY DEVICE USE MEMORY),삼성전자주식회사(경기도 수원시 영통구...),1995.12.27,등록결정(일반)
디스플레이 데이터 램의 어드레스 발생 방법 및 장치(Address generation method and apparatus for display data RAM),삼성전자주식회사(경기도 수원시 영통구...),1995.12.27,등록결정(일반)
FRAM의 커패시터 형성방법(),삼성전자주식회사(경기도 수원시 영통구...),1995.12.26,취하(심사미청구)
강유전체랜덤액세서메모리용강유전체캐패시터(FERROELECTRIC CAPACITOR FOR FERROELECTRIC RAM),삼성전자주식회사(경기도 수원시 영통구...),1995.11.28,등록결정(일반)
정적램의상태검출회로와검출방법(METHOD AND APPARATUS FOR TESTING A STATIC RAM),삼성전자주식회사(경기도 수원시 영통구...),1995.11.15,등록결정(일반)
다이내믹RAM데이타의리드및라이트방법(),삼성전자주식회사(경기도 수원시 영통구...),1995.11.14,거절결정(일반)
램포인터어드레스의증가및감소장치(INCREASING AND REDUCING DEVICE OF RAM POING ADDRESS),삼성전자주식회사(경기도 수원시 영통구...),1995.11.11,등록결정(일반)
듀얼포트램을이용한엠펙데이타수신장치(MPEG data receiving apparatus using dual port RAM),삼성전자주식회사(경기도 수원시 영통구...),1995.11.06,등록결정(일반)
램을이용한다중채널유한임펄스응답필터(UNLIMITED IMPULSE RESPONSE FILTER OF MULTI CHANNEL USED FOR RAM),삼성전자주식회사(경기도 수원시 영통구...),1995.08.29,등록결정(일반)
SDRAM에 프레임의 영상신호를기록하는 방법(METHOD OF RECODING FRAME IMAGE SIGNAL IN SDRAM),삼성전자주식회사(경기도 수원시 영통구...),1995.07.31,등록결정(일반)
외부메모리를이용한다수의램브레이크조건설정회로(MULTI-RAM-BREAK-CONDITION SET CIRCUIT USING EXTERNAL MEMORY),삼성전자주식회사(경기도 수원시 영통구...),1995.07.19,등록결정(일반)
3차원그랙픽스용램(RAM FOR THREE-DIMENSIONAL GRAPHICS),삼성전자주식회사(경기도 수원시 영통구...),1995.02.28,등록결정(일반)
비디오램및시리얼데이타출력방법(VIDEO RAM AND METHOD FOR OUTPUTTING SERIAL DATA),삼성전자주식회사(경기도 수원시 영통구...),1994.03.31,등록결정(일반)
듀얼포트를가지는그래픽램및그래픽램의시리얼데이타액세스방법(DUALPORT GRAPHIC RAM AND ACCESSING METHOD OF SERIAL DATA OF GRAPHIC RAM),삼성전자주식회사(경기도 수원시 영통구...),1994.01.26,등록결정(일반)
비디오램및샘블럭에서의피크전류억제방법(METHOD FOR REDUCING THE PEAK CURRENT IN VIDEO RAM AND SAMBLOCK),삼성전자주식회사(경기도 수원시 영통구...),1993.12.02,등록결정(일반)
비디오램의열디코오더배열방법(COLUMN DECODER ARRANGING METHOD OF VIDEO RAM),삼성전자주식회사(경기도 수원시 영통구...),1993.07.31,등록결정(일반)
하프샘과풀샘의선택적실현이이루어지는비디오램(VIDEO RAM OPTIONAL EXECUTED HALF SAM AND FULL SAM),삼성전자주식회사(경기도 수원시 영통구...),1993.06.19,등록결정(일반)
양방향에서동시에입출력가능한듀얼포트램(DUAL PORT RAM BEING CAPABLE BIDIRECTIONAL INPUT AND OUTPUT SIMULTANEOUSLY),삼성전자주식회사(경기도 수원시 영통구...),1993.06.30,등록결정(일반)
램데이타보호장치및그회로(RAM DATA PROTECTION DEVICE AND CIRCUIT),삼성전자주식회사(경기도 수원시 영통구...),1992.12.07,등록결정(일반)
고속의시리얼라이트전송동작을위한비디오램(VIDEO RAM FOR HIGH SPEED SERIAL WRITE TRANSFER OPERATION),삼성전자주식회사(경기도 수원시 영통구...),1992.11.21,등록결정(일반)
디지탈오디오시스템의램어드레스컨트롤장치(RAM ADDRESS CONTROLLER IN DIGITAL AUDIO SYSTEM),삼성전자주식회사(경기도 수원시 영통구...),1991.09.28,등록결정(일반)
듀얼포트램의악세스제어회로(DUAL-PORT RAM ACCESSING CONTROL CIRCUIT),삼성전자주식회사(경기도 수원시 영통구...),1990.07.20,등록결정(일반)
마이크로프로세서간의이중으로할당된램의고속억세스중재제어시스템및그방법(SYSTEM AND METHOD FOR ARBITRATING HIGH SPEED ACCESS BETWEEN RAMS),삼성전자주식회사(경기도 수원시 영통구...),1987.12.22,등록결정(일반)
ROM/RAM맵핑에의한시스템속도향상회로(),삼성전자주식회사(경기도 수원시 영통구...),1987.11.12,취하(심사미청구)
DRAM의리프레쉬제어회로(REFESH CONTROL CIRCUIT OF DRAM),삼성전자주식회사(경기도 수원시 영통구...),1987.06.30,등록결정(일반)
고속CPU와DRAM의인터페이스회로(),삼성전자주식회사(경기도 수원시 영통구...),1985.12.30,취하(심사미청구)
컴퓨터용비디오텍스디코드를위한뱅킹VRAM(),삼성전자주식회사(경기도 수원시 영통구...),1985.11.29,거절결정(일반)
DRAM 커패시터를 포함하는 이미지 센서 및 이미지 센서의 동작 방법(IMAGE SENSOR INCLUDING DRAM CAPACITOR AND OPERATING METHOD OF IMAGE SENSOR),삼성전자주식회사(경기도 수원시 영통구...),2021.04.15,
정적 램 메모리 장치 및 이의 동작 방법(STATIC RAM MEMORY DEVICE AND ITS OPERATION METHOD),삼성전자주식회사(경기도 수원시 영통구...)|연세대학교 산학협력단(서울특별시 서대문구...),2020.10.27,
이중의 행-열 주요 DRAM(DUAL ROW-COLUMN MAJOR DRAM),삼성전자주식회사(경기도 수원시 영통구...),2018.04.04,
PRAM에서 셀 위치에 의해 고유한 스니크 전류를 디노이징하기 위한 방법(METHOD FOR DENOISING OF INTRINSIC SNEAK CURRENT BY CELL LOCATION IN PRAM),삼성전자주식회사(경기도 수원시 영통구...),2019.10.17,
MRAM 특성 분석 장치 및 그 분석 방법(Analysis Apparatus of Magnetic Random Access Memoryand Analysis Method Thereof),삼성전자주식회사(경기도 수원시 영통구...),2003.11.24,등록결정(일반)
고속 DRAM의 정확한 독출 레이턴시를 제어하는 방법 및장치(Method and apparatus for controlling read latency in high speed DRAM),삼성전자주식회사(경기도 수원시 영통구...),2007.02.08,등록결정(일반)
하이브리드 DRAM/낸드 메모리에서 읽기-수정-쓰기 오버헤드를 감소시키기 위한 기술들(TECHNIQUES TO REDUCE READ-MODIFY-WRITE OVERHEAD IN HYBRID DRAM/NAND MEMORY),삼성전자주식회사(경기도 수원시 영통구...),2018.01.16,
UWB(Ultra Wide Band) 통신 시스템에서 STS(Scrambled Timestamp Sequence)를 생성하기 위한 장치 및 방법(DEVICE AND METHOD FOR GENERATING SCRAMBLED TIMESTAMP SEQUENCE (STS) IN ULTRA WIDE BAND (UWB) COMMUNICATION SYSTEM),삼성전자주식회사(경기도 수원시 영통구...),2020.12.04,
초기 DRAM 페이지 활성화를 위한 시스템 및 방법(SYSTEM AND METHOD FOR EARLY DRAM PAGE-ACTIVATION),삼성전자주식회사(경기도 수원시 영통구...),2019.12.24,
비대칭 SRAM 소자 및 그 제조방법(Asymmetric SRAM device and method for manufacturingthe same),삼성전자주식회사(경기도 수원시 영통구...),2004.06.12,등록결정(일반)
디램셀캐패시터의제조방법(D-RAM CELL CAPACITOR MANUFACTURING METHOD),삼성전자주식회사(경기도 수원시 영통구...),1998.06.15,거절결정(일반)
작은 서브스레시홀드 누설 전류 값을 지니는 셀트랜지스터를 구비하는 DRAM(DRAM including a cell having a small value ofsubthreshold leakage currents),삼성전자주식회사(경기도 수원시 영통구...),2001.12.11,등록결정(일반)
고집적DRAM셀의제조방법(HIGH INTETRATED DRAM CELL FABRICATION METHOD),삼성전자주식회사(경기도 수원시 영통구...),1995.09.19,등록결정(일반)
DRAM을 포함하는 반도체 소자의 콘택 구조체 및 그형성방법(Contact structure in semiconductor device includingDRAM and forming method thereof),삼성전자주식회사(경기도 수원시 영통구...),2000.06.20,등록결정(일반)
멀티-포트 SDRAM 엑세스 제어장치와 제어방법(Apparatus and method for access controlling multi-portSDRAM),삼성전자주식회사(경기도 수원시 영통구...),2005.09.27,등록결정(일반)
레이아웃 면적이 감소되는 SRAM 셀(SRAM cell having small layout area),삼성전자주식회사(경기도 수원시 영통구...),1996.12.04,등록결정(일반)
이종 네트워크로 연결된 무선 통신 시스템의 메크로셀 기지국에서 복수의 ABS(Almost Blank Subframe) 패턴을 이용한 캐리어 집성 수행방법 및 장치(A Method and an apparatus for performing Carrier Aggregation using Multiple ABS(Almost Blank Subframe) pattern in a macro cell base station of a wireless communication system with Heterogeneous Networks),삼성전자주식회사(경기도 수원시 영통구...),2014.02.04,등록결정(재심사후)
MDL(Merged DRAM and LOGIC)의선택적 실리사이드막 형성방법(Method for fabricating selective silicide film ofMDL),삼성전자주식회사(경기도 수원시 영통구...),2001.02.12,등록결정(일반)
NVRAM 셀을 채용한 플래쉬 메모리 장치(Flash memory device employing NVRAM cells),삼성전자주식회사(경기도 수원시 영통구...),2008.01.28,취하(심사미청구)
개선된 씨모오스 스태틱램 셀 구조 및 그 셀의 제조방법(IMPROVED CMOS STATIC RAM CELL AND MANUFACTURING METHOD THEREOF),삼성전자주식회사(경기도 수원시 영통구...),1997.07.12,등록결정(일반)
스위치신호발생기및이를이용한고속동기형SRAM(HIGH SPEED SYNCHRONOUS SRAM),삼성전자주식회사(경기도 수원시 영통구...),1997.01.29,등록결정(일반)
고집적DRAM셀및그제조방법(LARGE SCALE INTEGRATED DRAM CELL AND ITS FABRICATION),삼성전자주식회사(경기도 수원시 영통구...),1995.06.23,등록결정(일반)
"듀얼포트 메모리를 사용하는 프로세서의 인터페이스 장치(INTERFACE APPARATUS FOR A PROCESSOR USING A DUAL PORT RANDOM ACCESS MEMORY, PARTICULARLY RELATED TO CAPABLE OF REALIZING AN INTERFACE FUNCTION SO AS NOT TO GENERATE A DATA COLLISION WHEN THE INTERFACE FUNCTION OF A NON-WAITING TERMINAL PROCESSOR IS IMPLEMENTED BY USING THE DUAL PORT RAM)",삼성전자주식회사(경기도 수원시 영통구...),1997.12.27,포기(등록결정전 포기서제출)
DIP-SRAM의인터페이스회로(INTERFACE CIRCUIT OF DTP-SRAM),삼성전자주식회사(경기도 수원시 영통구...),1990.08.20,등록결정(일반)
다양한 PVT 변화에 대해서도 안정적인 버츄얼 레일스킴을 적용한 SRAM 장치(SRAM device employing stable virtual rail schemeagainst process-voltage-temperature variations),삼성전자주식회사(경기도 수원시 영통구...),2004.07.02,등록결정(일반)
DRAM 구조의 메모리를 구비하는 디스플레이용 구동집적회로 및 디스플레이 구동방법(Driving IC for display device having DRAM and drivingmethod thereof),삼성전자주식회사(경기도 수원시 영통구...),2006.02.24,등록결정(일반)
탄소나노튜브를 이용한 MRAM 및 그 제조 방법(Vertical nano-size magneto random access memory usingcarbon nanotubes and manufacturing method thereof),삼성전자주식회사(경기도 수원시 영통구...),2001.01.10,등록결정(일반)
웹문서의 클로즈업 기능을 구비한 정보통신기기와 이것을 이용한 웹문서의 디스플레이 방법 및 그 방법을 기록한 기록매체{Device and method for close-up web document having frame and and recording the method}(System and method for close-up web document havingframe and and recording the method),삼성전자주식회사(경기도 수원시 영통구...),2001.01.16,등록결정(취소환송후)
DRAM의 비트라인 프리차지 회로(Circuit for precharging a bitline of DRAM),삼성전자주식회사(경기도 수원시 영통구...),2009.07.01,취하(심사미청구)
2T-1C FRAM 및 그 작동방법(2T-1C FRAM and operation method thereof),"삼성전자주식회사(경기도 수원시 영통구...)|버지니아 테크 인터렉추얼 프라퍼티스, 인크.(미국 ***** 버지니아주 블랙스버그 크래프트 드라이브 **** 스위트 ****)",2001.02.22,등록결정(일반)
선택적으로 스트레스가 인가되어 안정도가 향상된SRAM셀을 포함하는 집적 회로(Intergrated circuit compring stability improved and selectively stressed SRAM cell),삼성전자주식회사(경기도 수원시 영통구...)|인터내셔널 비즈니스 머신즈 코오퍼레이션(미국 뉴욕주 ***** 아몬크 뉴 오차드 로드),2007.12.03,등록결정(일반)
트랜스퍼 몰드 램 구조(Structure of Transfer Mold Ram),삼성전자주식회사(경기도 수원시 영통구...),2006.11.06,취하(심사미청구)
DRAM 반도체 소자 및 그 제조방법(DRAM semiconductor device and fabrication methodthereof),삼성전자주식회사(경기도 수원시 영통구...),2002.08.02,등록결정(일반)
프레넬 스크램블러(Fresnel Scrambler)를 구비한 프로젝션디스플레이장치(PROJECTION DISPLAY APPARATUS WITH FRESNEL SCRAMBLER),삼성전자주식회사(경기도 수원시 영통구...),1997.05.26,등록결정(일반)
다른 메모리 셀들을 포함하는 하이브리드 DRAM 어레이(HYBRID DRAM ARRAY INCLUDING DISSIMILAR MEMORY CELLS),삼성전자주식회사(경기도 수원시 영통구...),2017.11.23,등록결정(일반)
복수의 시트들로 구성된 채널 영역을 포함하는 SRAM 소자(SRAM DEVICE INCLUDING A CHANNEL REGION HAVING A PLURALITY OF SHEETS),삼성전자주식회사(경기도 수원시 영통구...),2016.01.04,등록결정(일반)
핀 당 대여폭의 증가 없이 대역폭이 증가하는 DRAM(DRAM BANDWIDTH INCREASE WITHOUT PER PIN BANDWIDTH INCREASE),삼성전자주식회사(경기도 수원시 영통구...),2021.06.10,
MRAM을 포함한 씨모스 이미지 센서(CMOS Image Sensor(CIS) comprising MRAM(Magnetic Random Access Memory)),삼성전자주식회사(경기도 수원시 영통구...),2017.01.13,
MRAM-PRAM복합 메모리 소자 및 그 제조 방법(MRAM-PRAM composite memory device and method of manufacturing the same),삼성전자주식회사(경기도 수원시 영통구...),2006.12.28,취하(심사미청구)
자기 랜덤 액세스 메모리(MRAM) 디바이스(WRITE CIRCUIT FOR LARGE MRAM ARRAYS),삼성전자주식회사(경기도 수원시 영통구...),2001.05.02,등록결정(일반)
유압 램 지지 장치(Hydraulic ram support device),삼성중공업 주식회사(경기도 성남시 분당구...),2015.04.29,거절결정(일반)
STT-MRAM에서의 결함 MTJ 셀 스크린 방법 및 시스템(Method and system for screening defective magnetic tunnel junction CELL IN Spin-Transfer Torque Magnetic Random Access Memory),삼성전자주식회사(경기도 수원시 영통구...),2019.01.25,등록결정(일반)
DRAM 셀렉터 소자 및 그 제조 방법(DRAM SELECTOR ELEMENT AND MANUFACTURING METHOD THEREOF),삼성전자주식회사(경기도 수원시 영통구...),2019.01.25,등록결정(일반)
여러 동작 모드들을 갖는 SRAM 비트셀 공급 블록(SRAM BITCELL SUPPLY BLOCK WITH MULTIPLE OPERATING MODES),삼성전자주식회사(경기도 수원시 영통구...),2020.05.14,
랜덤화된 데이터를 저장하는 DRAM 및 이의 동작 방법(DRAM STORING RANDOMIZED DATA AND OPERATING METHOD OF THE SAME),삼성전자주식회사(경기도 수원시 영통구...),2013.03.15,취하(심사미청구)
영상 부호화를 위한 초기 QP (QuantizationParameter) 값 예측 방법 및 장치(Method and apparatus for estimating first QP value to encode video),삼성전자주식회사(경기도 수원시 영통구...),2006.12.14,등록결정(일반)
콘택홀 형성 방법 및 이를 이용한 디램(DRAM) 제조방법(Method of forming contacthole and method of fabricatingDRAM using the same),삼성전자주식회사(경기도 수원시 영통구...),2006.07.28,취하(심사미청구)
문턱 전압제어 PRAM의 프로그램 방법(Programming method for threshold voltage-controlledPhase-Change Random Access Memory),삼성전자주식회사(경기도 수원시 영통구...),2006.05.22,취하(심사미청구)
낸드―플래쉬 메모리에서 DRAM 으로 SRAM 을이용해 데이터를 전송하는 방법 및 이를 적용한화상형성장치(Method of transferring data from NAND-flash memory toDRAM via SRAM and image forming apparatus using thesame),삼성전자주식회사(경기도 수원시 영통구...),2006.01.12,취하(심사미청구)
저항 변환 물질을 포함하는 RRAM(Resistive random access memory enclosing a oxide withvariable resistance states),삼성전자주식회사(경기도 수원시 영통구...),2005.08.04,등록결정(일반)
DRAM히든 리프레쉬 동작 시 발생되는 동작 시간 지연을감소시킬 수 있는 장치와 방법(Apparatus and method for reducing operation time delaygenerated DRAM hidden refresh operation),삼성전자주식회사(경기도 수원시 영통구...),2005.05.27,등록결정(일반)
칩 사이즈를 감소시키는 LCD용 SRAM의 데이터 독출회로 및 데이터 독출 제어 방법(Data read circuit of SRAM for LCD reducing chip sizeand control method for reading data from the SRAM),삼성전자주식회사(경기도 수원시 영통구...),2004.09.24,등록결정(일반)
데이터 입출력용 스위치 버퍼의 액세스 시간을 감소시키는다중 포트 미디어 DRAM(A multi port media DRAM reducing access time of switchbuffer for inputting and outputting data),삼성전자주식회사(경기도 수원시 영통구...),2004.07.16,취하(심사미청구)
복수의 DRAM 버스를 채용한 컴퓨팅 시스템(Computing-system have a two DRAM-bus),삼성전자주식회사(경기도 수원시 영통구...),2004.06.29,취하(심사미청구)
DRAM 동작을 제어하는 장치(Apparatus for control operation of dynamic randomaccess memory),삼성전자주식회사(경기도 수원시 영통구...),2004.05.24,취하(심사미청구)
램을이용한수신데이타지연기록장치(DATA RETARDING DEVICE USING RAM),삼성전자주식회사(경기도 수원시 영통구...),1991.03.11,등록결정(일반)
DDR SDRAM 콘트롤러의 데이터 제어회로(Data control circuit in the Double Data RateSynchronous DRAM Controller),삼성전자주식회사(경기도 수원시 영통구...),2003.12.18,거절결정(일반)
디스크 드라이브의 DVDRAM 디스크 판별 방법 및 장치(Method and apparatus for discriminating DVDRAM disk indisk drive),삼성전자주식회사(경기도 수원시 영통구...),2003.01.24,등록결정(일반)
DRAM리프레시회로(),삼성전자주식회사(경기도 수원시 영통구...),1989.12.14,등록결정(일반)
자기 랜덤 액세스 메모리(MRAM) 디바이스 및 그의제조방법(MRAM device and methof for manufacturing thereof),삼성전자주식회사(경기도 수원시 영통구...),2002.06.26,거절결정(일반)
DRAM의 셀패드 형성방법(Method for forming cell pads in DRAM),삼성전자주식회사(경기도 수원시 영통구...),2002.06.05,포기(등록료 미납)
DRAM의 오토 프리차지 시작시점 제어방법(Method for controlling auto precharge start time ofDRAM),삼성전자주식회사(경기도 수원시 영통구...),2002.05.15,취하(심사미청구)
SDRAM의 제어 방법(Method for controlling Synchronous DRAM),삼성전자주식회사(경기도 수원시 영통구...),2002.01.31,등록결정(일반)
씨모스램의정보안정을위한전원장치(VOLTAGE DEVICE FOR INFORMATION STABILITY OF CMOS RAM),삼성전자주식회사(경기도 수원시 영통구...),1989.06.30,등록결정(일반)
디램(DRAM) 소자 제조방법(Method for fabricating DRAM device),삼성전자주식회사(경기도 수원시 영통구...),2001.07.27,취하(심사미청구)
비동기 SDRAM의 어드레스 버퍼회로(Address buffer of asynchronous static dynamic randomaccess memory),삼성전자주식회사(경기도 수원시 영통구...),2001.02.16,취하(심사미청구)
셀 어레이 영역을 둘러싸는 장벽을 가지는 DRAM 소자및 그 제조방법(DRAM device having fence surrounding cell aray regionand manufacturing method thereof),삼성전자주식회사(경기도 수원시 영통구...),2000.06.01,취하(심사미청구)
DRAM 구성을 자동 검출하는 장치 및 방법(Apparatus and method for auto-detecting DRAMconfiguration),삼성전자주식회사(경기도 수원시 영통구...),1999.10.02,등록결정(일반)
DRAM타이밍발생기(),삼성전자주식회사(경기도 수원시 영통구...),1987.07.08,등록결정(일반)
에스디램(SDRAM)에서의 데이터 입력 버퍼 제어회로(Circuit for control a data input buffer in SDRAM),삼성전자주식회사(경기도 수원시 영통구...),1999.06.11,취하(심사미청구)
리페어 가능한 램을 테스트하는 테스트 시스템 및 그의 테스트방법(TEST SYSTEM FOR TESTING REPAIRABLE RAM AND TESTING METHOD OF THE SAME),삼성전자주식회사(경기도 수원시 영통구...),1998.12.07,취하(심사미청구)
듀얼포트램의엑세스장치(ACCESS DEVICE OF A DUAL PORT RAM),삼성전자주식회사(경기도 수원시 영통구...),1998.09.05,거절결정(일반)
배터리 백-업 기능을 가지는 보조 램 보드장치(AUXILIARY RAM BOARD APPARATUS HAVING A BATTERY BACK-UP FUNCTION),삼성전자주식회사(경기도 수원시 영통구...),1998.08.21,거절결정(일반)
액정 드라이버에 내장되는 정적 램 셀(STATIC RAM CELL WITHIN LIQUID CRYSTAL DRIVER),삼성전자주식회사(경기도 수원시 영통구...),1998.07.31,취하(심사미청구)
디지탈 다기능 디스크 램 시스템의 트래킹 서보 장치(TRACKING SERVO DEVICE OF DIGITAL MULTI-FUNCTION DISK RAM SYSTEM),삼성전자주식회사(경기도 수원시 영통구...),1998.08.03,취하(심사미청구)
"마이크로 컨트롤러의 롬/스타틱램 테스팅 회로(ROM/STATIC RAM TESTING CIRCUIT OF A MICROCONTRLLER, ESPECIALLY FOR SHORTENING TEST TIME)",삼성전자주식회사(경기도 수원시 영통구...),1998.04.10,취하(심사미청구)
광디스크 재생 드라이브에서 디브이디-램 디스크 재생시 디스크회전속도 제어장치 및 방법(APPARATUS AND METHOD FOR CONTROLLING SPEED OF REVOLUTION OF DVD-RAM DISK IN OPTICAL DISK REPRODUCING DRIVE),삼성전자주식회사(경기도 수원시 영통구...),1998.03.20,등록결정(일반)
"에스램(SRAM) 셀(SRAM CELL, PARTICULARLY CONCERNED WITH REDUCING A GATE LENGTH OF A TFT AND SIZE OF AN OFFSET REGION BY FORMING A CHANNEL REGION AND AN OFFSET REGION OF THE TFT TO BE FORMED HAVING A SHAPE LIKE A LITERAL I OR REVERSED L)",삼성전자주식회사(경기도 수원시 영통구...),1998.03.16,취하(심사미청구)
DRAM 장치 및 그 제조 방법(DRAM DEVICE HAVING OPTIMUM STRUCTURE OF TRANSISTORS ARRANGED ON CELL ARRAY REGION AND PERIPHERAL CIRCUIT REGION AND MANUFACTURING METHOD OF THE SAME),삼성전자주식회사(경기도 수원시 영통구...),1998.01.12,등록결정(일반)
액정 표시 장치를 위한 구동 장치(DRIVING APPARATUS FOR A LIQUID CRYSTAL DISPLAY DEVICE WHICH DRIVES HORIZONTAL AND VERTICAL LINES OF A LIQUID CRYSTAL DISPLAY DEVICE BY USING A RAM FOR STORING COLOR DATA OF COLOR-CHANGED PIXELS),삼성전자주식회사(경기도 수원시 영통구...),1998.01.19,취하(심사미청구)
"박막 트랜지스터를 부하소자로 갖는 에스램(SRAM) 셀 및 그제조방법(SRAM CELL HAVING A THIN TRANSISTOR AS A LOAD DEVICE AND A MANUFACTURING METHOD THEREOF, PARTICULARLY RELATED TO DECREASING A POLYSILICON LAYER FROM 3 FLOORS TO 2 FLOORS BY USING AN N-CHANNEL THIN FILM TRANSISTOR AS A LOAD DEVICE AND A GATE CONDUCTING LAYER OF A DRIVING TRANSISTOR AS THE GATE OF THE N-CHANNEL THIN FILM TRANSISTOR)",삼성전자주식회사(경기도 수원시 영통구...),1997.12.31,취하(심사미청구)
쓰레기 소각설비용 반입크레인의 PLC(PROGRAMMABLE LOGIC CONTROLLER)제어시스템(SYSTEM FOR ACTIVATING A SPEED CONTROL UNIT AS A COUNTERMEASURE WHEN A CRANE IN A GARBAGE INCINERATION FACILITY IS NOT WORKING DUE TO THE MALFUNCTION OF A POWER LINE CARRIER),삼성중공업 주식회사(경기도 성남시 분당구...),1997.12.31,취하(심사미청구)
병렬프로세서를 이용한 레이저 프린터(LASER PRINTER USING PARALLEL PROCESSORS FOR TREATING DATA OF ONE PAGE PER PROCESSOR BY READING/ANALYZING PRINT DATA IN A RAM INTO ONE PAGE UNIT AND CONVERTING INTO PRINT IMAGES),삼성전자주식회사(경기도 수원시 영통구...),1997.12.31,취하(심사미청구)
"이중화 씨피유 모듈(DUAL CPU MODULE, ESPECIALLY FOR REDUCING THE PRICE AND SIZE OF THE MODULE BY USING A GENERAL PURPOSE RAM INSTEAD OF A DUAL PORT MEMORY)",삼성전자주식회사(경기도 수원시 영통구...),1997.12.30,거절결정(일반)
"금전 등록기의 백업 배터리 교체방법(METHOD FOR REPLACING A BACKUP BATTERY IN AN ECR(ELECTRONIC CASH REGISTER), PARTICULARLY RELATED TO PREVENTING VOLATILENESS OF RAM(RANDOM ACCESS MEMORY) DATA, CAUSED BY SEPARATION OF THE BACKUP BATTERY, BY SUPPLYING CURRENTS OF A SUB BATTERY TO A RAM EVEN WHEN THE BACKUP BATTERY IS SEPARATED)",삼성전자주식회사(경기도 수원시 영통구...),1997.12.24,취하(심사미청구)
"전자식 금전등록기의 금액 표시 방법(METHOD FOR DISPLAYING AN AMOUNT OF MONEY IN AN ECR(ELECTRONIC CASH REGISTER), PARTICULARLY FOR STORING A SUM AMOUNT, A PAYMENT AMOUNT AND THE REMAINDER ON A RAM(RANDOM ACCESS MEMORY) AND SIMULTANEOUSLY DISPLAYING THE AMOUNTS SO THAT A STAFF AND A CUSTOMER CAN CONFIRM THE AMOUNTS)",삼성전자주식회사(경기도 수원시 영통구...),1997.12.24,취하(심사미청구)
반도체 소자 제조방법(MANUFACTURING METHOD OF A SEMICONDUCTOR DEVICE FOR OBTAINING PROCESS RELIABILITY BY FORMING A STORAGE ELECTRODE OF A D RAM CAPACITOR),삼성전자주식회사(경기도 수원시 영통구...),1997.12.22,취하(심사미청구)
"단말기의 암호 알고리즘 구현 방법 및 시스템(METHOD AND A SYSTEM FOR REALIZING A CRYPTOGRAPHIC ALGORITHM OF A TERMINAL, ESPECIALLY FOR LOADING A PART OF CODES FOR REALIZING THE CRYPTOGRAPHIC ALGORITHM IN A RAM(RANDOM ACCESS MEMORY))",삼성전자주식회사(경기도 수원시 영통구...),1997.12.19,거절결정(일반)
"SRAM셀의 부하저항 형성방법(FORMING METHOD FOR LOAD RESISTANCE OF A SRAM CELL, ESPECIALLY CONCERNED WITH IMPROVING MANUFACTURING YIELD BY ELIMINATING COMPLEX PHOTOLITHOGRAPHY FOR FORMING A PHOTORESIST PATTERN)",삼성전자주식회사(경기도 수원시 영통구...),1997.12.16,취하(심사미청구)
RAM의메모리데이터보호회로(),삼성전자주식회사(경기도 수원시 영통구...),1986.07.15,취하(심사미청구)
부하저항을 갖는 에스램(SRAM) 셀 제조방법(METHOD FOR MANUFACTURING AN SRAM CELL HAVING LOAD RESISTANCE FOR ACCURATELY CONTROLLING LENGTH OF THE LOAD RESISTANCE),삼성전자주식회사(경기도 수원시 영통구...),1997.10.31,취하(심사미청구)
"디램의 콘택제조 방법(CONTACT FABRICATING METHOD OF A D RAM, PARTICULARLY FOR PREVENTING THE LIFTING PHENOMENON OF BARRIER METAL BY USING PHOSPHATE)",삼성전자주식회사(경기도 수원시 영통구...),1997.10.09,취하(심사미청구)
강유전체 메모리 셀을 구비한 불 휘발성 메모리 장치(NONVOLATILE MEMORY DEVICE HAVING A FERROELECTRIC MEMORY CELLS FORREDUCING FATIGUE OF A REFERENCE CELL AND IMPROVING CREDIBILITY OF A FERROELECTRIC RAM DEVICE),삼성전자주식회사(경기도 수원시 영통구...),1997.09.22,취하(심사미청구)
"디램의 동시 콘택형성방법(CONTACT FORMING METHOD OF A D-RAM, SIMULTANEOUSLY FORMING CONTACTS FOR CONNECTION WITH CONDUCTIVE LINES)",삼성전자주식회사(경기도 수원시 영통구...),1997.09.12,취하(심사미청구)
금전등록기의 데이터 검색방법(DATA SEARCHING METHOD FOR CASH REGISTER FOR STORING DATA PRODUCED IN CASH TRANSACTIONS IN RAM AND ENABLING DATA TO BE CONFIRMED WITHOUT ISSSUING AUDITORIAL PAPER),삼성전자주식회사(경기도 수원시 영통구...),1997.08.31,취하(심사미청구)
스테이틱 램 셀 데이타 독출 장치(SRAM CELL DATA READING DEVICE FOR READING A DATA FROM A STATIC RAM CELL),삼성전자주식회사(경기도 수원시 영통구...),1997.09.11,취하(심사미청구)
강유전체 램 장치의 데이터 센싱 방법(METHOD OF SENSING DATA OF A FERROELECTRIC RAM DEVICE HAVING A FERROELECTRIC CAPACITOR),삼성전자주식회사(경기도 수원시 영통구...),1997.09.08,취하(심사미청구)
"플래시 메모리 이용 보조기억장치 및 그 방법(SUPPORT MEMORY DEVICE USING FLASH MEMORY AND A METHOD FOR USING THE SUPPORT MEMORY DEVICE, ESPECIALLY FOR EMBODYING SUPPORT CACHE MEMORY BY USING STATIC RAM)",삼성전자주식회사(경기도 수원시 영통구...),1997.08.29,거절결정(일반)
온도검출회로및이를구비한스태틱램장치(TEMPERATURE DETECTION CIRCUIT AND STATIC RAM DEVICE WITH TEMPERATURE DETECTION CIRCUIT USING TWO VOLTAGES HAVING DIFFERENT LEVEL VARIATION),삼성전자주식회사(경기도 수원시 영통구...),1997.08.26,등록결정(심사전치후)
강유전체 반도체 메모리 장치(FERROELECTRIC SEMICONDUCTOR MEMORY DEVICE HAVING HIGH OPERATIONAL SPEED CAPABLE OF PERFORMING RAM OPERATIONS WITHOUT USING A REFERENCE CELL BY FORMING A CAPACITOR COMPOSED OF A FERROELECTRIC MATERIAL ON A GATE),삼성전자주식회사(경기도 수원시 영통구...),1997.08.20,취하(심사미청구)
쉬프트레지스터를 이용한 SDRAM 인터페이스 장치(The SDRAM interface apparatus using a shift register),삼성전자주식회사(경기도 수원시 영통구...),1997.08.08,등록결정(일반)
"다이나믹 램 장치의 플레이트 전압 발생 회로(PLATE VOLTAGE GENERATION CIRCUIT OF DRAM(DYNAMIC RAM) DEVICE, ESPECIALLY INCLUDING LEVEL DETECTION CIRCUIT)",삼성전자주식회사(경기도 수원시 영통구...),1997.07.31,등록결정(일반)
"확장된 부하 소자를 구비한 스태틱 램 및 그 제조방법(STATIC RAM HAVING AN EXTENDED LOAD ELEMENT AND A MANUFACTURING METHOD THEREOF, PARTICULARLY CONCERNED WITH PREVENTING STANDBY CURRENT OF SRAM FROM BEING INCREASED ACCORDING TO DECREASE OF LOAD RESISTANCE)",삼성전자주식회사(경기도 수원시 영통구...),1997.07.29,취하(심사미청구)
"스태틱 램 장치(STATIC RAM DEVICE WHICH IS STABLY OPERATED AT LOW VOLTAGE, ESPECIALLY INCLUDING SELECTION VOLTAGE GENERATION CIRCUIT)",삼성전자주식회사(경기도 수원시 영통구...),1997.07.31,등록결정(일반)
비디오 데이터의 변환방법 및 변환회로(METHOD AND AN APPARATUS FOR CONVERTING VIDEO DATA TO USE A COMPARATIVELY LOW-PRICED VIDEO RAM),삼성전자주식회사(경기도 수원시 영통구...),1997.07.29,등록결정(일반)
SRAM 셀의 부하저항 형성방법(),삼성전자주식회사(경기도 수원시 영통구...),1997.06.20,취하(심사미청구)
"스태틱 램 장치 및 그것의 감지 증폭 회로(STATIC RAM DEVICE AND SENSE AMPLIFICATION CIRCUIT THEREOF, ESPECIALLY OBTAINING A STABLE READ OPERATION)",삼성전자주식회사(경기도 수원시 영통구...),1997.06.09,등록결정(일반)
매몰 커패시터를 갖는 SOI DRAM 및 그 제조방법(),삼성전자주식회사(경기도 수원시 영통구...),1997.06.09,취하(심사미청구)
DRAM의재기입회로(),삼성전자주식회사(경기도 수원시 영통구...),1985.12.30,거절결정(일반)
SRAM 장치의 리던던트 프리디코더 회로(REDUNDANT PREDECODER CIRCUIT OF SRAM),삼성전자주식회사(경기도 수원시 영통구...),1997.02.26,등록결정(일반)
전기적인 특성을 개선한 에스램(SRAM)의 제조방법(),삼성전자주식회사(경기도 수원시 영통구...),1997.02.14,취하(심사미청구)
에프램(FRAM)셀의 제조방법(),삼성전자주식회사(경기도 수원시 영통구...),1997.01.28,취하(심사미청구)
CMOS SRAM 장치(CMOS SRAM DEVICE),삼성전자주식회사(경기도 수원시 영통구...),1997.02.06,등록결정(일반)
디램(DRAM)의 감지 증폭기(),삼성전자주식회사(경기도 수원시 영통구...),1997.02.14,취하(심사미청구)
메모리 셀에 스트레스를 가하는 SRAM 장치의 번-인 테스트 방법(),삼성전자주식회사(경기도 수원시 영통구...),1997.01.13,포기(등록결정전 포기서제출)
기입 동작시 소모되는 전류를 줄이기 위한 워드라인 구동회로 및 이를 이용한 SRAM 장치(WORD LINE DRIVING CIRCUIT IN SRAM),삼성전자주식회사(경기도 수원시 영통구...),1997.01.13,등록결정(일반)
SRAM 장치의 비트 라인 프리챠지 및 등화회로와 데이터 라인 프리챠지 및 등화회로(DATA LINE PRECHARGE AND EQUALIZING CIRCUIT IN SRAM),삼성전자주식회사(경기도 수원시 영통구...),1997.01.13,등록결정(일반)
SRAM 장치의 비트라인 프리챠지 회로(BIT LINE PRECHARGE CIRCUIT OF SRAM DEVICE),삼성전자주식회사(경기도 수원시 영통구...),1997.01.13,등록결정(일반)
불휘발성SRAM의데이타손실방지회로(),삼성전자주식회사(경기도 수원시 영통구...),1985.12.10,취하(심사미청구)
에프 램(FRAM) 셀의 제조방법(A FABRICATION METHOD OF FRAM CELL),삼성전자주식회사(경기도 수원시 영통구...),1996.12.31,등록결정(일반)
저전압용 SRAM 셀(),삼성전자주식회사(경기도 수원시 영통구...),1996.12.20,거절결정(일반)
DRAM 장치의 스탠바이 내부 전원전압 발생회로(STANBY INSIDE POWER VOLTAGE GENERATION CIRCUIT OF DRAM DEVICE),삼성전자주식회사(경기도 수원시 영통구...),1996.12.13,등록결정(일반)
DRAM 장치의 내부 전원전압 발생회로(INSIDE POWER VOLTAGE GENERATION CIRCUIT OF DRAM DEVICE),삼성전자주식회사(경기도 수원시 영통구...),1996.12.13,등록결정(일반)
램 디지탈 아날로그 컨버터(RAMDAC) 테스트 장치 및 방법(),삼성전자주식회사(경기도 수원시 영통구...),1996.10.25,취하(심사미청구)
랜덤 엑세스 메모리(DRAM) 장치의 금속 배선 형성 방법(),삼성전자주식회사(경기도 수원시 영통구...),1996.10.07,취하(심사미청구)
동기식 반도체 메모리 장치(SDRAM)를 위한 병렬 비트 테스트(PBT) 제어 회로 및 그 제어 방법(Parallel bit test control circuit for synchronous DRAM and cotrol method thereof),삼성전자주식회사(경기도 수원시 영통구...),1996.09.24,등록결정(일반)
반도체 DRAM의 커패시터 제조방법(),삼성전자주식회사(경기도 수원시 영통구...),1996.08.30,취하(심사미청구)
자기정렬형 비트 콘택홀을 갖는 DRAM 셀 제조방법(),삼성전자주식회사(경기도 수원시 영통구...),1996.08.29,취하(심사미청구)
버퍼 램을 이용한 프로그램 구동 장치 및 방법(DRIVING APPARATUS AND METHOD OF PROGRAM USING BUFFER RAM),삼성전자주식회사(경기도 수원시 영통구...),1996.07.23,등록결정(일반)
DRAM 반도체 장치(),삼성전자주식회사(경기도 수원시 영통구...),1996.06.26,취하(심사미청구)
에스램(SRAM)반도체 장치(),삼성전자주식회사(경기도 수원시 영통구...),1996.06.26,취하(심사미청구)
누설전류를 방지하기 위한 강유전체 램 및 그 제조방법(FERROELECTRIC RAM FOR PREVENTING LEAKEAGE CURRENTS AND ITS MANUFACTURING METHOD),삼성전자주식회사(경기도 수원시 영통구...),1996.05.22,등록결정(일반)
DRAM 장치의 비트라인 증폭 회로(),삼성전자주식회사(경기도 수원시 영통구...),1996.05.16,취하(심사미청구)
버퍼램의 고정된 세그먼테이션의 구현장치(FIXED SEGMENTATION BUFFER RAM),삼성전자주식회사(경기도 수원시 영통구...),1996.04.23,등록결정(일반)
스택트-트렌치 캐퍼시터 구조 DRAM의 제조방법(),삼성전자주식회사(경기도 수원시 영통구...),1996.03.15,취하(심사미청구)
DRAM리프레쉬제어기(REFRESH CONTROLLER OF DRAM),삼성전자주식회사(경기도 수원시 영통구...),1996.01.19,등록결정(일반)
CDG 및 CDEG 시스템의 DRAM 사용 방법(DRAM USING METHOD FOR CDG AND CDEG SYSETM),삼성전자주식회사(경기도 수원시 영통구...),1995.12.29,등록결정(일반)
인텔리전트한 DRAM의 리프레쉬 콘트롤러(),삼성전자주식회사(경기도 수원시 영통구...),1995.12.29,취하(심사미청구)
브이-램을 사용한 보조기억 장치의 버퍼 메모리 제어방법(METHOD FOR CONTROLLING BUFFER MEMORY OF AUXILIARY MEMORY USING V-RAM),삼성전자주식회사(경기도 수원시 영통구...),1995.12.26,등록결정(일반)
듀얼출력포트를 가지는 싱크램(SINK RAM HAVING DUAL OUTPUT PORT),삼성전자주식회사(경기도 수원시 영통구...),1995.12.20,등록결정(일반)
디램자유접근제어시스템(THE FREE D-RAM ACCESS SYSTEM),삼성전자주식회사(경기도 수원시 영통구...),1995.12.12,등록결정(일반)
COB구조를구비한DRAM셀의캐패시터제조방법(CAPACITOR FABRICATIO METHOD OF HAVING COB FOR DRAM),삼성전자주식회사(경기도 수원시 영통구...),1995.12.01,등록결정(일반)
비디오램의데이타액세스방법(DATA ACCESS METHOD OF VIDEO RAM),삼성전자주식회사(경기도 수원시 영통구...),1995.11.27,등록결정(일반)
스태틱램의데이타출력버퍼(DATA OUTPUT BUFFER OF STATIC RAM),삼성전자주식회사(경기도 수원시 영통구...),1995.11.24,등록결정(일반)
반도체장치의SRAM셀및그제조방법(),삼성전자주식회사(경기도 수원시 영통구...),1995.10.11,취하(심사미청구)
비동기램용클럭펄스발생기(THE CLOCK PULSE GENERATOR FOR ASYNCHRONOUS RAM),삼성전자주식회사(경기도 수원시 영통구...),1995.10.16,등록결정(일반)
FRAM의제조방법(METHOD FOR MANUFACTURING FERROELECTRIC DYNAMIC RANDOM ACCESS MEMORY),삼성전자주식회사(경기도 수원시 영통구...),1995.09.19,등록결정(일반)
스태틱램셀의박막트랜지스터및그제조방법(THIN FILM TRANSISTOR OF STATIC RAM CELL & ITS MAKING METHOD),삼성전자주식회사(경기도 수원시 영통구...),1995.09.19,등록결정(일반)
마이콤내부레지스터및램의데이타를디스플레이하기위한장치(DEVICE FOR DISPLAYING REGISTER AND RAM DATA),삼성전자주식회사(경기도 수원시 영통구...),1995.08.19,등록결정(일반)
DRAM셀및그제조방법(DRAM CELL & ITS FABRICATION METHOD),삼성전자주식회사(경기도 수원시 영통구...),1995.08.08,등록결정(일반)
SRAM의PMOS박막트랜지스터의일정전원선과금속배선을전기적으로연결하는콘택및그것의형성방법(PMOS TRANSISTOR OF SRAM),삼성전자주식회사(경기도 수원시 영통구...),1995.07.13,등록결정(일반)
에스램(SRAM)셀및그제조방법(SRAM CELL & FABRICATION METHOD),삼성전자주식회사(경기도 수원시 영통구...),1995.05.11,등록결정(일반)
트리플포트다이나믹램(TRIPLE PORT DYNAMIC RAM),삼성전자주식회사(경기도 수원시 영통구...),1995.03.31,등록결정(일반)
하드디스크컨트롤러의램액세스장치(RAM ACCESS DEVICE OF HARD DISK CONTROLLER),삼성전자주식회사(경기도 수원시 영통구...),1995.01.06,등록결정(일반)
반도체메모리회로의개선된램코아셀및출력버퍼회로(RAM CORE CELL AND OUTPUT BUFFER CIRCUIT),삼성전자주식회사(경기도 수원시 영통구...),1994.10.13,등록결정(일반)
미세조정가능한스프레더(SPREADER)의헤드프레임(HEAD FRAME)(PRECISELY ADJUSTABLE HEAD FRAME OF SPREADER),삼성중공업 주식회사(경기도 성남시 분당구...),1994.09.30,등록결정(일반)
다중입출력단자를가지는메모리장치의쎌어레이및그구성방법(DUAL PORT STATIC RAM AND CELL ARRAY),삼성전자주식회사(경기도 수원시 영통구...),1993.07.31,등록결정(일반)
스태틱램을이용한바이오스새도우인터페이스장치(BIOS SHADOW INTERFACE DEVICE USING STATIC RAM),삼성전자주식회사(경기도 수원시 영통구...),1993.03.03,등록결정(일반)
DRAM및그제조방법(DRAM AND MANUFACTURING METHOD THEREOF),삼성전자주식회사(경기도 수원시 영통구...),1992.05.06,등록결정(일반)
고집적DRAM셀의제조방법(DRAM CELL MANUFACTURING PROCESS),삼성전자주식회사(경기도 수원시 영통구...),1992.03.03,등록결정(일반)
영상데이타출력장치(DATA READING APPARATUS FOR V-RAM AND METHOD THEREFOR),삼성전자주식회사(경기도 수원시 영통구...),1992.02.28,등록결정(일반)
트랜치커패시터형DRAM및그의제조방법(TRENCH CAPACITOR TYPE DRAM AND THE METHOD FOR FABRICATING THE SAME),삼성전자주식회사(경기도 수원시 영통구...),1992.01.08,등록결정(일반)
트랜치커패시터를갖는DRAM의제조방법(MANUFACTURING METHOD OF DRAM WITH TRENCH CAPACITOR),삼성전자주식회사(경기도 수원시 영통구...),1991.11.20,등록결정(일반)
DRAM의제조방법(METHOD OF MANUFACTURING DRAM),삼성전자주식회사(경기도 수원시 영통구...),1991.11.29,등록결정(일반)
실린더형커패시터를구비한DRAM및그제조방법(),삼성전자주식회사(경기도 수원시 영통구...),1991.11.29,거절결정(일반)
스택커패시터형DRAM및그제조방법(),삼성전자주식회사(경기도 수원시 영통구...),1991.11.25,거절결정(일반)
비디오램의스플리트전송시탭로딩회로(SPLIT TRANSFER TAP LOADING CIRCUIT OF VIDEO RAM),삼성전자주식회사(경기도 수원시 영통구...),1991.09.19,등록결정(일반)
폴리실리콘트랜지스터를로드로가지는스테이틱램셀의구조및제조방법(STATIC RAM CELL HAVING A POLY-SILICON TRANSISTOR FOR LOAD AND FABRICATING METHOD THEREOF),삼성전자주식회사(경기도 수원시 영통구...),1991.07.26,등록결정(일반)
고저항다결정실리콘층을부하소자로하는스태틱램(STATIC RAM HAVING A POLY-SILICON LAYER FOR LOAD ELEMENT),삼성전자주식회사(경기도 수원시 영통구...),1991.07.19,등록결정(일반)
VGA에내장된RAMDAC의전원제어회로(POWER CONTROL CIRCUIT OF RAMDAC WITHIN VGA),삼성전자주식회사(경기도 수원시 영통구...),1991.03.28,등록결정(일반)
비데오램을이용한문자처리회로및그제어방법(APPARATUS AND METHOD FOR PROCESSING CHARACTERS BY USING VIDEO RAM OF TV SYSTEM),삼성전자주식회사(경기도 수원시 영통구...),1991.01.29,등록결정(일반)
박막트랜지스터부하를가진SRAM셀(),"삼성세미콘덕터, 인코포레이티드(미국, 캘리포니아 *****,새너 제이, 노오쓰 퍼스트 스트리트 ****)",1990.12.04,거절결정(일반)
비디오램의메모리선택회로(CIRCUIT FOR SELECTING MEMORY OF VIDEO RAM),삼성전자주식회사(경기도 수원시 영통구...),1990.11.20,등록결정(일반)
SRAM셀반도체장치(SRAM CELL SEMICONDUCTOR DEVICE),삼성전자주식회사(경기도 수원시 영통구...),1990.11.03,등록결정(일반)
역핀구조를갖는DRAM셀(DRAM CELL HAVING A REVERSE FIN TYPE CAPACITOR),삼성전자주식회사(경기도 수원시 영통구...),1990.10.24,등록결정(일반)
듀얼포트램을이용한AT-버스와입출력콘트롤러프로세서의인터페이스회로(INTERFACE CIRCUIT WITH DUAL-PORT RAM BETWEEN AT-BUS AND INPUT/OUTPUT CONTROLLER PROCESSOR),삼성전자주식회사(경기도 수원시 영통구...),1990.08.30,등록결정(일반)
스태틱램셀의제조방법(METHOD OF FABRICATING STATIC RAM CELL),삼성전자주식회사(경기도 수원시 영통구...),1990.07.18,등록결정(일반)
DRAM메모리리프레쉬제어회로(DRAM MEMORY REFRESH CONTROL CIRCUIT),삼성전자주식회사(경기도 수원시 영통구...),1990.06.04,등록결정(일반)
멀티프로세서를이용한시스템에서서브프로세서의프로그램을램에실장하는방법(METHOD FOR PREGRAM LOADING ON RAM LOCATED IN SUBPROCESSOR SYSTEM),삼성전자주식회사(경기도 수원시 영통구...),1990.04.20,등록결정(일반)
소형시스템에서의램의이중화방법및회로(A METHOD AND AN APPARATUS FOR DOUBLING RAMS IN SMALL COMPUTER SYSTEMS),삼성전자주식회사(경기도 수원시 영통구...),1990.02.20,등록결정(일반)
2층다결정실리콘을이용한SRAM셀의저항증가방법(),삼성전자주식회사(경기도 수원시 영통구...),1989.12.29,포기(등록결정전 포기서제출)
램테스트시고속기록방법(THE METHOD WRITING DATA AT HIGH SPEED WHEN TO TEST RAM),삼성전자주식회사(경기도 수원시 영통구...),1989.11.18,등록결정(일반)
SRAM의워드라인드라이버(WORDLINE DRIVER FOR SRAM),삼성전자주식회사(경기도 수원시 영통구...),1989.10.17,등록결정(일반)
디램셀및그제조방법(D-RAM CELL AND ITS MANUFACTURING METHOD),삼성전자주식회사(경기도 수원시 영통구...),1989.05.19,등록결정(일반)
반도체랜덤액세스메모리쎌의제조방법(METHOD FOR MANUFACTURING RAM\),삼성전자주식회사(경기도 수원시 영통구...),1989.05.06,등록결정(일반)
멀티포트비디오램인터페이싱회로(INTERFACING CIRCUIT IN VIDEO RAM),삼성전자주식회사(경기도 수원시 영통구...),1989.04.29,등록결정(일반)
디램셀의제조방법(DRAM)(DRAM CELL MANUFACTURING METHOD),삼성전자주식회사(경기도 수원시 영통구...),1987.09.30,등록결정(일반)
DRAM셀의제조방법(DRAM CELL MANUFACTURING METHOD),삼성전자주식회사(경기도 수원시 영통구...),1987.09.30,등록결정(일반)
램디스크(RAM DISC),삼성전자주식회사(경기도 수원시 영통구...),1986.12.31,등록결정(일반)
디램셀의제조방법(METHOD FOR MANUFACTURING D-RAM CELL),삼성전자주식회사(경기도 수원시 영통구...),1986.08.22,등록결정(일반)
DRAM의리프레쉬제어회로(REFLESHING CONTROL CIRCUIT FOR A DRAM),삼성전자주식회사(경기도 수원시 영통구...),1986.02.17,등록결정(일반)
LAN에있어서메인CPU와I/OCPU간의DRAM공유회로(),삼성전자주식회사(경기도 수원시 영통구...),1985.12.17,취하(심사미청구)
저속다이내믹램을이용한고속화상저장시스템(HIGH SPEED IMAGE STORING SYSTEM USING LOW SPEED DYNAMIC RAM),삼성전자주식회사(경기도 수원시 영통구...),1985.09.25,등록결정(일반)
비디오램의메모리확장회로(MEMORY EXPANSION CIRCUIT FOR VIDEO RAM),삼성전자주식회사(경기도 수원시 영통구...),1985.02.22,등록결정(일반)
SRAM억세스제어회로(ACCESS CONTROL CIRCUIT OF SRAM),삼성전자주식회사(경기도 수원시 영통구...),1985.02.22,등록결정(일반)
